933,351.78,349.58,.,353.98
934,336.58,235.89,.,437.28
935,395.99,399.58,.,392.4
936,310.48,267.52,.,353.44
937,356.25,300.75,.,411.75
938,343.28,328.01,.,358.55
939,366.42,299.59,.,433.25
940,440,377.71,.,502.3
941,418.94,230.79,.,607.09
942,463.09,284.43,.,641.76
943,398.35,308.91,.,487.79
944,476.01,341.71,.,610.32
945,368.75,331.94,.,405.57
946,296.48,287.63,.,305.34
947,315.61,307.6,.,323.62
948,289.25,303.52,.,274.98
949,317.27,336.46,.,298.09
950,298.13,249.01,.,347.26
951,290.85,236.33,.,345.38
952,350.19,274.66,.,425.72
953,338.01,293.03,.,383
954,387.45,341.13,.,433.78
955,381.11,355.85,.,406.38
956,366.27,251.48,.,481.07
957,439.5,402.49,.,476.51
958,339.92,257.61,.,422.23
959,449.49,306.14,.,592.85
960,311.55,258.92,.,364.19
961,344.64,311.39,.,377.89
962,356.7,326.11,.,387.3
963,403.99,331.22,.,476.77
964,405.81,360.37,.,451.25
965,359.13,340.11,.,378.16
966,409.76,392.73,.,426.8
967,387.52,370.28,.,404.76
968,384.03,387.48,.,380.58
969,303.01,286.18,.,319.85
970,361.76,290.55,.,432.98
971,396.32,322.32,.,470.33
972,383.07,320.28,.,445.87
973,321.43,288.07,.,354.79
974,415.66,414.74,.,416.59
975,314.9,291.42,.,338.39
976,301.05,259.94,.,342.16
977,364.71,323.05,.,406.38
978,313.71,267.81,.,359.62
979,380.27,344.77,.,415.78
980,327.44,321.6,.,333.29
981,328.34,274.22,.,382.46
982,478.46,261.69,.,695.23
983,349.4,268.25,.,430.56
984,424.78,371.44,.,478.12
985,336.02,238.8,.,433.25
986,335.3,287.34,.,383.27
987,340.39,302.35,.,378.43
988,335.06,307.02,.,363.11
989,320.93,304.54,.,337.32
990,264.83,230.5,.,299.16
991,305.6,268.25,.,342.96
992,378.53,401.47,.,355.59
993,379.79,378.73,.,380.85
994,376.4,309.35,.,443.46
995,330.78,328.01,.,333.56
996,422,372.61,.,471.4
997,340.07,319.99,.,360.16
998,425.63,405.12,.,446.14
999,391.52,331.8,.,451.25
1000,295.49,215.77,.,375.21
1001,368.42,338.79,.,398.05
1002,407.27,375.38,.,439.16
1003,351.43,294.34,.,408.53
1004,403.73,370.72,.,436.74
1005,323.8,310.95,324.21,336.24
1006,359.33,285.16,399.34,393.48
1007,441.84,298.42,418.38,608.71
1008,396.93,342.15,406.54,442.11
1009,337.98,320.14,394.9,298.9
1010,377.35,326.7,404.34,401
1011,340.12,283.7,346.4,390.25
1012,422.99,313.14,404.88,550.94
1013,398.25,329.17,395.52,470.06
1014,354.64,273.35,404.34,386.22
1015,410.33,291.86,416.93,522.19
1016,413.96,361.68,478.67,401.54
1017,329.08,263.15,354.54,369.56
1018,354.39,307.6,386.82,368.76
1019,318.02,273.35,295.01,385.69
1020,388.94,293.03,389.22,484.57
1021,403.12,345.21,375.27,488.87
1022,362.6,363.57,354.66,369.56
1023,352.44,292.01,343.63,421.69
1024,539.52,395.64,511.02,711.89
1025,313.94,292.88,337.15,311.79
1026,321.72,287.34,269.28,408.53
1027,342.11,283.11,364.53,378.7
1028,372.04,243.61,422.35,450.17
1029,361.18,323.64,429.29,330.6
1030,371.02,281.8,424.88,406.38
1031,438.47,382.96,448.42,484.03
1032,367.38,364.59,379,358.55
1033,312.29,283.99,323.62,329.26
1034,326.2,309.79,358.62,310.18
1035,382.46,306.58,479.57,361.23
1036,377.79,314.45,428.94,389.98
1037,372.47,299.44,401.92,416.05
1038,410.62,288.94,445.18,497.73
1039,355.2,322.47,413.07,330.06
1040,421.65,395.2,410.44,459.31
1041,327.8,272.04,341.81,369.56
1042,416.13,377.57,417.43,453.4
1043,322.31,296.52,338.2,332.21
1044,343.98,267.96,362.97,401
1045,290.01,210.82,339.63,319.59
1046,458.14,330.92,449.85,593.66
1047,361.75,264.17,371.71,449.37
1048,272.23,202.07,280.53,334.1
1049,429.66,328.88,391.44,568.67
1050,306.69,273.49,355.22,291.37
1051,364.48,306.14,376.64,410.67
1052,376.44,271.75,432.66,424.92
1053,430.65,397.1,448.7,446.14
1054,338.91,275.53,336.96,404.23
1055,359.66,295.21,368.26,415.51
1056,288.02,307.6,312.1,244.35
1057,353.99,273.49,384.24,404.23
1058,356.11,334.28,386.53,347.53
1059,394.76,317.08,406.55,460.65
1060,327.09,313.58,325.52,342.16
1061,320.1,280.05,322.77,357.47
1062,376.39,281.37,470.19,377.62
1063,390.63,251.34,515.8,404.76
1064,604.71,340.98,654.05,819.1
1065,516.73,340.69,606.69,602.8
1066,460.34,373.78,492.84,514.39
1067,464.75,308.48,591.8,493.97
1068,345.77,318.1,299.14,420.08
1069,347.36,323.49,298.51,420.08
1070,419.58,391.71,445.88,421.15
1071,328.45,266.35,334.94,384.07
1072,336.1,259.65,352.21,396.43
1073,386.33,277.58,395.49,485.91
1074,385.73,305.85,415.42,435.93
1075,381.84,378.44,371.98,395.09
1076,338.32,306.73,351.84,356.4
1077,407.89,351.33,422.44,449.9
1078,332.44,266.79,338.13,392.4
1079,325.12,231.22,355.5,388.64
1080,345.87,295.21,340.05,402.34
1081,400.33,388.94,384.19,427.87
1082,344.95,280.2,365.47,389.18
1083,316.01,324.66,324.48,298.9
1084,380.2,276.99,407.53,456.08
1085,327.72,299.29,321.3,362.58
1086,316.97,225.98,302.42,422.5
1087,418.82,377.86,408.81,469.79
1088,303.42,230.2,311.83,368.22
1089,341.7,249.3,357.05,418.74
1090,321.5,246.97,364.08,353.44
1091,382.09,319.55,416.59,410.14
1092,468.14,295.21,561.49,547.71
1093,347.79,246.24,334.87,462.27
1094,436.98,274.51,472.06,564.37
1095,403.12,326.11,414.54,468.71
1096,412.65,336.03,429.99,471.94
1097,363.25,316.35,374.28,399.12
1098,336.03,260.67,351.27,396.16
1099,333.97,322.62,343.57,335.71
1100,406.6,392.29,375.99,451.52
1101,343.36,336.03,337.12,356.93
1102,352.63,314.74,397.23,345.92
1103,401.14,322.47,438.31,442.65
1104,286.8,301.04,284.66,274.71
1105,339.83,308.62,365.49,345.38
1106,420.8,327.43,440.99,493.97
1107,419.92,310.37,486.85,462.53
1108,447.02,354.68,505.57,480.81
1109,312.97,279.47,319.97,339.47
1110,321.21,259.94,302.69,401
1111,368.04,303.23,401.76,399.12
1112,366.52,341.27,379.05,379.24
1113,381.56,323.2,410.82,410.67
1114,452.69,305.85,520.08,532.13
1115,610.82,368.97,590.93,872.57
1116,288.52,336.9,271.15,257.52
1117,489.92,323.2,510.45,636.11
1118,381.47,330.19,387.42,426.8
1119,326.72,351.91,320.5,307.76
1120,397.07,344.19,427.22,419.81
1121,322.07,361.68,320.95,283.58
1122,369.43,360.95,383.68,363.65
1123,335.62,262.27,376.92,367.68
1124,283.3,196.68,322.08,331.14
1125,310.09,283.55,324.98,321.73
1126,350.21,304.1,356.54,389.98
1127,394.25,335.3,397.81,449.64
1128,413.52,406.28,425.49,408.79
1129,339.71,278.74,332.12,408.26
1130,304.68,288.51,308.64,316.9
1131,421.29,323.64,438.99,501.23
1132,320.05,293.46,315.94,350.75
1133,382.76,357.31,403.13,387.84
1134,416.36,457.3,336.51,455.28
1135,325.55,293.61,340.88,342.16
1136,322.67,244.05,333.99,389.98
1137,419.14,322.47,432.64,502.3
1138,353.92,320.28,347.19,394.28
1139,346.65,267.52,375.73,396.7
1140,396.41,347.25,424.32,417.66
1141,383.39,344.19,403.1,402.88
1142,309.61,253.82,340.9,334.1
1143,355.7,300.02,392.96,374.13
1144,315.61,274.08,328.18,344.57
1145,359.58,344.63,372.06,362.04
1146,340.78,280.34,352.56,389.45
1147,302.63,299,286.88,322
1148,375.11,332.96,419.31,373.06
1149,290.46,250.61,261.69,359.08
1150,439.63,397.39,440.42,481.07
1151,344.06,267.37,327.01,437.81
1152,365.2,296.67,324.56,474.36
1153,466.48,349.58,506.97,542.88
1154,374.7,243.9,410.69,469.52
1155,373.94,323.64,429.96,368.22
1156,444.07,347.69,426.33,558.19
1157,345.76,278.3,372.48,386.49
1158,309.06,269.12,325.84,332.21
1159,492.57,323.64,569.27,584.79
1160,415.16,293.9,477.76,473.82
1161,354.49,291.28,354.52,417.66
1162,488.28,334.57,542.26,588.02
1163,254.98,263.15,245.08,256.71
1164,279.54,290.69,231.04,316.9
1165,335.31,257.61,272.07,476.24
1166,422.88,310.66,466.95,491.02
1167,487.25,361.68,465.03,635.04
1168,379.88,368.68,443.59,327.38
1169,310.61,248.86,327.39,355.59
1170,512.78,368.09,553.74,616.5
1171,451.6,347.98,502.64,504.18
1172,365.67,352.35,351.45,393.21
1173,349.81,344.63,378.78,326.03
1174,410.58,391.85,428.41,411.48
1175,286.17,269.7,316.25,272.56
1176,428.9,348.12,477.38,461.19
1177,398.07,262.12,451.81,480.27
1178,454.06,414.3,522.15,425.72
1179,314.11,234.43,366.81,341.08
1180,301.07,276.12,300.78,326.3
1181,327.89,300.46,314.44,368.76
1182,347.56,254.11,458.5,330.06
1183,410.58,367.95,429.21,434.59
1184,377.86,345.5,419.85,368.22
1185,299.7,272.47,270.77,355.86
1186,397.87,357.45,418.22,417.93
1187,368.97,361.97,358.99,385.95
1188,358.17,305.56,394.55,374.4
1189,417.58,325.68,497.59,429.48
1190,363.24,325.09,389.15,375.47
1191,353.35,274.08,419.36,366.61
1192,341.94,322.47,320.63,382.73
1193,357.97,316.2,374.71,383
1194,341.39,322.47,327.84,373.86
1195,341.58,309.64,347.42,367.68
1196,397.72,375.96,438.5,378.7
1197,336.06,256.73,370.34,381.12
1198,323.31,262.56,349.09,358.28
1199,356.83,277.87,402.09,390.52
1200,376.5,330.05,409.2,390.25
1201,329.06,272.77,335.71,378.7
1202,347.27,268.54,321.75,451.52
1203,333.54,299,296.05,405.57
1204,355.18,276.7,395.09,393.75
1205,323.49,293.9,345.16,331.41
1206,357.1,320.87,368.78,381.66
1207,353.72,223.06,404.32,433.78
1208,409.86,298.56,438.11,492.9
1209,396.11,317.22,363.42,507.68
1210,402.28,327.43,437.58,441.84
1211,373.14,271.75,384.88,462.8
1212,374.12,336.32,470.22,315.82
1213,402.25,339.09,420.98,446.68
1214,401.64,289.97,558.03,356.93
1215,289.63,251.63,264.63,352.64
1216,276.33,281.37,276.68,270.95
1217,292.71,259.65,294.59,323.88
1218,351.17,336.03,347.65,369.83
1219,473.3,355.27,532.77,531.86
1220,367.97,345.5,364.67,393.75
1221,376.53,314.45,388.88,426.26
1222,401.98,331.65,369.29,504.99
1223,305.07,204.55,304.82,405.84
1224,526.12,381.36,516.27,680.72
1225,407.65,353.08,380.19,489.67
1226,389.88,352.35,448.53,368.76
1227,265.88,227.58,258.54,311.52
1228,391.77,317.81,402.48,455.01
1229,334.78,276.85,307.15,420.35
1230,393.7,342.44,403.81,434.86
1231,317.27,265.91,322.24,363.65
1232,398.59,334.57,375.01,486.18
1233,383.71,308.48,423.9,418.74
1234,348.66,308.62,331.24,406.11
1235,408.69,347.98,398.08,480
1236,358.41,286.32,433.86,355.05
1237,331.27,328.45,303.32,362.04
1238,450.59,318.1,584.85,448.83
1239,398.58,365.91,428.28,401.54
1240,364.96,348.27,344.81,401.81
1241,373.01,397.24,326.15,395.63
1242,394.92,278.3,390.45,516.01
1243,352.82,273.93,369.57,414.97
1244,374.18,346.23,399.77,376.55
1245,374.71,337.77,381.07,405.3
1246,300.18,262.85,306.56,331.14
1247,318.03,279.03,335.32,339.74
1248,334.51,256,360.49,387.03
1249,427.95,360.51,480.68,442.65
1250,466.4,274.37,500.54,624.29
1251,321.29,254.25,366.39,343.23
1252,318.82,301.04,300.62,354.79
1253,452.69,332.09,525.56,500.42
1254,442.94,279.62,520.56,528.63
1255,388.21,321.3,360.65,482.69
1256,382.7,328.15,426.21,393.75
1257,309.11,247.55,316.14,363.65
1258,405.06,296.38,412.48,506.33
1259,338.48,276.85,349.68,388.91
1260,386.02,282.39,473.33,402.34
1261,406.24,333.84,470.71,414.17
1262,321.29,271.31,323.8,368.76
1263,291.83,257.46,265.93,352.1
1264,367.19,289.24,378.29,434.05
1265,387.54,339.96,448.25,374.4
1266,302.96,297.54,309.48,301.85
1267,325.04,296.96,354.54,323.62
1268,320.89,252.36,318.98,391.33
1269,467.17,300.75,571.6,529.17
1270,313.97,284.57,300.94,356.4
1271,370.09,268.83,370.58,470.86
1272,405.47,315.62,461.91,438.89
1273,424.53,371.59,444.85,457.16
1274,355.2,346.81,406.72,312.06
1275,383,333.98,429.59,385.42
1276,357.83,297.54,377.64,398.31
1277,395.87,352.93,436.9,397.78
1278,334.49,279.47,342.33,381.66
1279,341.77,255.71,352.48,417.12
1280,389.25,306,394.65,467.1
1281,374.33,305.27,409.46,408.26
1282,344.77,276.26,338.52,419.54
1283,354.31,290.99,348.09,423.84
1284,370.78,257.17,374.64,480.54
1285,518.37,289.67,547.1,718.34
1286,452.34,347.1,439.1,570.82
1287,367.71,290.4,394,418.74
1288,295.79,290.55,293.62,303.19
1289,363.98,292.01,337.65,462.27
1290,537.99,400.31,560.88,652.77
1291,349.38,373.49,348.88,325.77
1292,434.6,342.44,524.88,436.47
1293,364.9,332.38,395.18,367.15
1294,297.8,249.59,315.08,328.72
1295,456.48,407.59,442.89,518.96
1296,352.53,253.82,362.73,441.04
1297,369.8,274.95,483.44,351.02
1298,341.31,353.66,302.06,368.22
1299,434.18,350.16,475.88,476.51
1300,423.83,314.89,462.1,494.51
1301,374.15,352.2,392.09,378.16
1302,345.47,321.45,407.73,307.23
1303,276.7,248.28,300.66,281.16
1304,322.11,270.14,343.29,352.9
1305,320.16,251.19,327.89,381.39
1306,466.74,391.85,496.65,511.71
1307,327.64,349.58,323.97,309.37
1308,366.52,365.91,365.16,368.49
1309,414.65,366.05,461.04,416.85
1310,370.56,352.35,384.13,375.21
1311,271.06,216.36,246.86,349.95
1312,268.64,256.73,256.21,292.98
1313,450.98,311.68,491.68,549.59
1314,423.26,334.71,450.5,484.57
1315,271.59,251.78,263.03,299.97
1316,341.4,304.54,315.42,404.23
1317,401.2,332.24,448.06,423.3
1318,383.49,267.81,438.13,444.53
1319,397.76,347.98,433.29,412.02
1320,405.77,351.18,398.76,467.37
1321,429.5,344.33,510.12,434.05
1322,370.98,292.44,385.38,435.13
1323,363.1,307.89,393.05,388.37
1324,298.8,248.72,319.5,328.18
1325,333.37,317.37,344.36,338.39
1326,387.05,267.37,433.41,460.38
1327,393.34,368.82,414.23,396.97
1328,387.39,413.86,349.72,398.58
1329,360.71,318.39,394.18,369.56
1330,469.38,319.7,546.37,542.07
1331,375.66,319.7,410.04,397.24
1332,502.98,322.76,562.68,623.49
1333,268.49,298.56,231.65,275.25
1334,372.49,317.37,377.86,422.23
1335,305.16,291.42,328.12,295.94
1336,274.16,244.93,273.81,303.73
1337,374.26,274.81,416.08,431.9
1338,410.15,296.52,442.12,491.82
1339,341.37,315.18,360.86,348.07
1340,382.16,336.17,393.19,417.12
1341,461.27,368.09,469.63,546.1
1342,294.32,262.42,305.51,315.02
1343,427.28,388.64,418.32,474.89
1344,423.81,336.75,443.41,491.28
1345,396.26,377.42,395.85,415.51
1346,361.42,357.74,383.57,342.96
1347,336.47,248.13,395.21,366.07
1348,359.47,261.98,421.07,395.36
1349,381.77,289.53,416.36,439.43
1350,382.46,325.68,373.69,448.02
1351,356.54,296.09,395.09,378.43
1352,342.5,288.07,350.51,388.91
1353,402.2,337.77,397.98,470.86
1354,352.13,268.83,382,405.57
1355,422.88,348.12,453.16,467.37
1356,338.11,264.46,321.18,428.68
1357,394,299.59,410.47,471.94
1358,435.79,340.11,424.39,542.88
1359,278.18,253.96,265.56,315.02
1360,347.9,300.02,348.06,395.63
1361,424.57,313.14,381.14,579.42
1362,377.58,333.69,380.57,418.47
1363,419.56,398.99,422.42,437.28
1364,373.34,278.6,388.84,452.59
1365,345.26,340.54,347.99,347.26
1366,439.64,333.98,382.68,602.26
1367,324.88,344.77,325.05,304.81
1368,471.6,370.72,467.63,576.46
1369,302.57,306,322.69,279.01
1370,343.66,340.98,335.75,354.25
1371,494.44,422.46,495.42,565.45
1372,272.59,225.1,287.6,305.08
1373,366.39,271.31,403.47,424.38
1374,339.74,279.03,362.57,377.62
1375,323.51,301.04,288.63,380.85
1376,337.16,319.85,328.24,363.38
1377,355.34,314.89,322.45,428.68
1378,391.91,310.37,412.49,452.86
1379,363.88,269.85,365.97,455.82
1380,455.54,321.3,432.31,613.01
1381,363.26,338.79,365.31,385.69
1382,378.78,258.34,385.38,492.63
1383,361.44,323.2,368.44,392.67
1384,424.46,316.06,447.77,509.56
1385,350.26,245.51,389.22,416.05
1386,403.58,329.9,434.44,446.41
1387,486.54,435,497.88,526.75
1388,410.15,302.65,477.64,450.17
1389,271.29,246.82,283.73,283.31
1390,406.49,316.06,450.29,453.13
1391,504.75,320.57,512.42,681.26
1392,341.71,282.97,332.55,409.6
1393,437.96,334.13,498.67,481.07
1394,444.73,379.17,437.4,517.62
1395,278.74,213.88,316.18,306.15
1396,403.27,327.43,448.05,434.32
1397,379.1,348.56,411.64,377.09
1398,320.18,307.75,331.31,321.47
1399,385.77,332.24,383.5,441.58
1400,418.8,373.92,454.87,427.6
1401,321.32,265.48,344.49,353.98
1402,369.19,239.53,424.59,443.46
1403,353.42,349,371.52,339.74
1404,378.69,324.36,382.77,428.95
1405,355.67,318.1,367.52,381.39
1406,389.04,362.7,402.87,401.54
1407,276.3,238.07,273.38,317.44
1408,405.98,358.18,449.88,409.87
1409,315.57,269.7,324.9,352.1
1410,333.89,291.13,336.68,373.86
1411,350.8,313.72,346.01,392.67
1412,319.72,196.97,361.72,400.46
1413,380.6,328.3,396.66,416.85
1414,366.7,306.58,374.24,419.27
1415,399.2,305.56,419.56,472.48
1416,354.74,330.78,398.54,334.9
1417,368.62,354.68,363.62,387.57
1418,435.11,380.19,428.47,496.66
1419,368.27,321.6,393.49,389.72
1420,354.51,302.21,392.3,369.03
1421,305.59,240.26,337.31,339.2
1422,359.52,349.44,328.12,401
1423,336.8,311.83,340.56,358.01
1424,387.32,311.83,407.74,442.38
1425,415.6,345.79,443.31,457.7
1426,367.25,270.72,388.66,442.38
1427,286.19,256.88,298.76,302.93
1428,376.39,361.53,333.06,434.59
1429,438.38,399.29,410.06,505.79
1430,425.78,280.64,432.88,563.83
1431,273.64,237.93,258.31,324.69
1432,430.82,286.18,444.6,561.68
1433,346.96,251.34,378.59,410.94
1434,425.48,305.85,469.64,500.96
1435,425.43,326.99,396.48,552.82
1436,357.84,299.15,397.83,376.55
1437,356.95,333.4,444.73,292.72
1438,343.2,298.42,346.03,385.15
1439,434.62,375.82,442.66,485.37
1440,286,247.84,275.54,334.63
1441,429.53,359.06,460.01,469.52
1442,315.12,267.37,337.98,340.01
1443,422.4,321.89,479.82,465.49
1444,342.6,328.3,372.11,327.38
1445,337.95,252.94,327.94,432.98
1446,360.12,353.22,345.47,381.66
1447,418.53,259.65,411.68,584.25
1448,441.58,332.96,434.67,557.12
1449,373.74,307.46,417.06,396.7
1450,333.05,343.75,327.22,328.18
1451,340.68,255.71,383.33,383
1452,390.51,334.42,422.93,414.17
1453,288.52,279.62,302.91,283.04
1454,341.05,231.81,409.16,382.19
1455,313.49,259.5,320.53,360.43
1456,336.71,304.54,363.42,342.16
1457,479.77,392.14,507.24,539.92
1458,385.28,339.23,389.27,427.33
1459,361.8,318.24,351.39,415.78
1460,385.04,327.43,417.54,410.14
1461,418.5,307.89,392.1,555.5
1462,434.2,385.44,441.46,475.7
1463,272.78,280.78,296.71,240.86
1464,392.73,295.36,419.22,463.61
1465,379.02,281.66,375.14,480.27
1466,387.83,334.86,372.55,456.08
1467,370.97,397.1,393.27,322.54
1468,368.14,336.03,357.73,410.67
1469,316.04,291.86,335.32,320.93
1470,344.34,334.28,349.07,349.68
1471,298.52,261.98,315.34,318.24
1472,307.95,285.16,337.9,300.78
1473,344.72,286.9,329.88,417.39
1474,360.51,272.91,391.22,417.39
1475,349.99,276.85,356.81,416.32
1476,431.81,376.26,387.85,531.32
1477,430.16,390.39,439.72,460.38
1478,403.57,305.71,406.19,498.81
1479,418.05,328.01,431.64,494.51
1480,413.84,354.25,455.09,432.17
1481,388.83,333.11,422.43,410.94
1482,386.72,311.83,392.79,455.55
1483,375,300.61,372.6,451.79
1484,369.92,308.77,346.79,454.2
1485,478.57,430.48,472.57,532.66
1486,275.91,262.27,314.67,250.8
1487,403.38,337.63,422.35,450.17
1488,361.7,341.27,361.37,382.46
1489,294.57,257.46,335.94,290.3
1490,364.12,287.49,400.38,404.49
1491,294.17,250.9,325.47,306.15
1492,342.68,312.7,404.08,311.26
1493,529.33,417.07,506.59,664.33
1494,407.25,307.02,413.77,500.96
1495,381.76,357.45,394.09,393.75
1496,338.99,303.81,377.19,335.98
1497,398.78,364.59,427.27,404.49
1498,383.28,379.61,366.82,403.42
1499,326.85,301.77,300.08,378.7
1500,380.89,282.24,415.1,445.34
1501,310.1,276.56,329.33,324.42
1502,312.93,296.96,324.14,317.7
1503,454.65,337.48,458.86,567.6
1504,382.56,384.42,404.19,359.08
1505,340.25,293.75,364.42,362.58
1506,353.11,285.3,376.26,397.78
1507,406.91,351.33,390.49,478.92
1508,419.88,384.56,475.14,399.93
1509,261.15,246.38,266.11,270.95
1510,345.56,303.38,387.38,345.92
1511,433.04,348.41,505.91,444.8
1512,374.36,354.39,370.37,398.31
1513,456.73,351.91,547.69,470.59
1514,333.03,282.09,353.89,363.11
1515,325.94,280.34,370.9,326.57
1516,472.26,332.24,494.38,590.17
1517,402.88,336.46,438.4,433.78
1518,287.65,220.87,287.57,354.52
1519,374.03,335.73,381.6,404.76
1520,348.8,345.5,310.64,390.25
1521,311.87,262.27,344.89,328.45
1522,356.43,279.91,389.98,399.39
1523,380.14,251.19,428.57,460.65
1524,404.7,327.86,444.92,441.31
1525,376.17,336.17,390,402.34
1526,417.05,339.23,437.84,474.09
1527,417.12,300.9,447.61,502.84
1528,340.69,268.1,357.55,396.43
1529,456.95,422.17,512.22,436.47
1530,331.35,341.42,352.12,300.51
1531,393.64,326.99,413.42,440.5
1532,469.67,395.64,436.37,577
1533,342.7,275.97,336.09,416.05
1534,366.69,313.14,365.79,421.15
1535,301.84,279.47,331.98,294.06
1536,325.71,280.2,338.39,358.55
1537,402.09,324.51,440.99,440.77
1538,370.96,297.84,376.7,438.35
1539,426.04,317.37,458.72,502.03
1540,362.52,322.18,395.01,370.37
1541,484.77,382.52,452.88,618.92
1542,249.74,257.17,261.68,230.38
1543,340.01,323.93,335.4,360.7
1544,363.76,273.64,415.31,402.34
1545,382.02,326.99,373.74,445.34
1546,369.28,261.98,373.91,471.94
1547,382.12,302.65,433.29,410.41
1548,363.32,313.72,365.83,410.41
1549,365.2,282.24,401.61,411.75
1550,443.21,317.95,439.53,572.16
1551,350.41,321.89,347.41,381.92
1552,254.7,259.65,258.76,245.69
1553,437.81,397.83,443.12,472.48
1554,427.67,376.69,466.64,439.69
1555,405.86,309.5,442.59,465.49
1556,404.28,322.76,395.29,494.78
1557,280.27,188.66,286.34,365.8
1558,399.07,352.79,408.48,435.93
1559,375.13,321.74,360.19,443.46
1560,362.71,292.15,362.47,433.51
1561,360.49,353.66,335.15,392.67
1562,382.98,337.19,378.51,433.25
1563,355.98,298.27,343.68,425.99
1564,335.52,290.84,379.47,336.24
1565,407.43,339.38,421.99,460.92
1566,304.44,255.86,321.76,335.71
1567,327.09,296.23,320.32,364.73
1568,372.98,356.29,338.55,424.11
1569,288.65,259.21,287.68,319.05
1570,380.02,287.34,396.11,456.62
1571,424.95,310.23,451.04,513.59
1572,453.11,339.67,441.04,578.61
1573,391.33,308.33,382.16,483.49
1574,351.41,262.85,322.4,468.98
1575,357.48,291.13,395.37,385.95
1576,465.4,331.51,518.6,546.1
1577,400.97,346.37,440.48,416.05
1578,409.85,344.48,452.62,432.44
1579,406.93,402.49,409.78,408.53
1580,367.23,359.78,321.82,420.08
1581,364.24,287.92,383.11,421.69
1582,464.46,366.93,506.14,520.3
1583,286.77,292.3,295.99,272.03
1584,369.94,340.25,357.29,412.29
1585,313.04,298.13,377.83,263.16
1586,381.55,310.52,390.15,443.99
1587,275.61,222.19,277.53,327.11
1588,354.23,288.8,384.45,389.45
1589,334.52,316.06,348.84,338.66
1590,433.89,352.2,495.8,453.67
1591,394.01,334.71,405.2,442.11
1592,356.11,325.82,349.31,393.21
1593,307.28,274.37,330.04,317.44
1594,379.2,316.93,387.15,433.51
1595,315.12,272.77,323.18,349.41
1596,481.33,341.27,573.29,529.44
1597,369.25,257.31,415.32,435.13
1598,292.33,269.85,316.04,291.1
1599,327.15,280.34,368.09,333.02
1600,489.89,403.66,462.95,603.06
1601,434.91,322.91,475.22,506.6
1602,466.67,369.4,532.62,498
1603,411.23,392,357.38,484.3
1604,330.64,274.66,364.89,352.37
1605,560.09,374.8,524.81,780.67
1606,396.41,388.06,378.67,422.5
1607,327.57,273.93,336.52,372.25
1608,332.69,288.8,353.42,355.86
1609,400.94,346.52,463.1,393.21
1610,313.77,239.39,363.79,338.13
1611,298.2,270.43,343.02,281.16
1612,350.67,247.11,382.4,422.5
1613,510.41,418.38,504.14,608.71
1614,364.1,275.24,423.59,393.48
1615,432.61,384.85,454.22,458.77
1616,330.56,315.62,351.11,324.96
1617,402.94,330.92,389.31,488.6
1618,303.67,316.78,306.9,287.34
1619,368.01,272.04,419.44,412.56
1620,313.6,264.31,330.02,346.46
1621,341.64,246.38,345.03,433.51
1622,351.57,262.56,355.67,436.47
1623,425.69,315.47,429.47,532.13
1624,344.14,345.35,366.96,320.12
1625,369.82,319.85,346.7,442.92
1626,406.09,358.91,462.4,396.97
1627,352.77,339.23,389.81,329.26
1628,348.69,307.02,358.48,380.58
1629,384.79,310.08,407.82,436.47
1630,401.1,292.88,390.37,520.04
1631,396.44,305.85,400.78,482.69
1632,320,262.42,317.81,379.77
1633,285.56,257.61,308.51,290.57
1634,333.12,320.28,360.85,318.24
1635,517.83,406.43,581.08,565.98
1636,379.55,365.61,357.53,415.51
1637,368.22,289.82,363.04,451.79
1638,263.55,243.9,287.34,259.4
1639,407.44,310.66,429.51,482.15
1640,393.16,294.63,389,495.85
1641,296.1,295.07,286.01,307.23
1642,397.09,314.16,401.96,475.16
1643,272.93,234.58,313.53,270.68
1644,302.1,299.44,306.63,300.24
1645,327.75,289.97,332.05,361.23
1646,506.75,353.37,538.3,628.59
1647,390.16,337.05,418.45,414.97
1648,309.49,324.8,293.77,309.91
1649,474.29,405.55,510.44,506.87
1650,390.73,365.32,367.72,439.16
1651,408.69,352.2,400.85,473.01
1652,269.96,222.19,281.8,305.88
1653,388.34,345.94,395.77,423.3
1654,287.17,266.94,298.35,296.21
1655,526.94,378.15,535.67,667.01
1656,309.05,287.63,334.7,304.81
1657,315.53,300.61,336.61,309.37
1658,353.6,304.69,395.94,360.16
1659,296.66,206.44,341.66,341.89
1660,349.65,242.01,374.78,432.17
1661,415.08,329.9,479.13,436.2
1662,396.08,353.66,424.99,409.6
1663,336.11,280.78,340.78,386.76
1664,320.91,264.89,347.08,350.75
1665,408.24,376.84,378.08,469.79
1666,351.57,252.94,406.15,395.63
1667,385.25,271.75,408.56,475.43
1668,397.23,289.82,415.97,485.91
1669,376.25,293.32,391.44,443.99
1670,372.43,251.05,393.5,472.74
1671,345.89,347.25,311.98,378.43
1672,291.17,311.25,293.18,269.07
1673,352.75,316.78,390.71,350.75
1674,450.96,299.73,506.51,546.64
1675,406.91,281.8,440.13,498.81
1676,270.94,261.1,266,285.73
1677,396.09,308.62,405.3,474.36
1678,389.08,355.7,417.79,393.75
1679,401.41,312.41,391.93,499.88
1680,458.2,377.86,441.78,554.97
1681,372.72,327.28,366.76,424.11
1682,362.9,319.26,374.62,394.82
1683,422.49,350.89,539.75,376.82
1684,322.51,326.7,327.17,313.67
1685,348.79,324.36,381.21,340.81
1686,396.61,303.96,346.21,539.65
1687,332.35,286.9,386.81,323.35
1688,406.83,303.38,418.29,498.81
1689,409.48,236.33,472.08,520.04
1690,371.34,251.05,379.21,483.76
1691,414.02,292.3,454.43,495.32
1692,420.59,333.26,425.39,503.11
1693,362.13,244.63,401.81,439.96
1694,325.2,317.51,408.91,249.19
1695,386.49,338.36,420.1,401
1696,353.82,293.32,389.71,378.43
1697,393.44,340.84,407.86,431.63
1698,454.39,339.38,457.53,566.25
1699,318.89,337.48,321.38,297.82
1700,324.99,257.9,335.16,381.92
1701,373.5,309.5,379.11,431.9
1702,381.3,309.21,404.13,430.56
1703,330.97,288.36,373.13,331.41
1704,330.44,282.68,377.78,330.87
1705,462.98,363.87,499.93,525.14
1706,333.51,316.2,308.33,376.01
1707,420.76,297.11,466.08,499.08
1708,286.57,240.99,265.55,353.17
1709,343.31,263.87,360.76,405.3
1710,412.92,330.63,445.59,462.53
1711,453.33,292.3,513.52,554.16
1712,362.2,340.4,354.59,391.6
1713,366.99,338.79,403.9,358.28
1714,281.82,225.98,293.7,325.77
1715,307.82,242.88,342.45,338.13
1716,485.34,368.53,484.69,602.8
1717,444.01,349.73,406.11,576.19
1718,279.32,276.7,289.23,272.03
1719,442.84,343.9,455.46,529.17
1720,332.11,315.62,338.01,342.69
1721,505.24,403.51,493.03,619.19
1722,289.05,242.01,292.13,333.02
1723,438.21,413.72,466.58,434.32
1724,353.52,353.08,388.98,318.51
1725,350.49,283.84,387.6,380.04
1726,359.36,312.27,334.98,430.83
1727,356.7,271.45,343.91,454.74
1728,310.38,192.16,300.1,438.89
1729,439.04,365.32,396.04,555.77
1730,342.11,253.38,353.41,419.54
1731,433.89,317.81,442.59,541.26
1732,383.05,289.38,379.24,480.54
1733,435.82,245.22,415.93,646.32
1734,344.88,298.42,419.04,317.17
1735,309.72,311.68,367.75,249.72
1736,528.61,434.7,586.77,564.37
1737,350.9,296.96,332.72,423.03
1738,262.2,195.8,301.84,288.95
1739,320.97,244.2,359.36,359.35
1740,367.2,328.59,375.76,397.24
1741,383.55,313.14,419.86,417.66
1742,495.2,336.03,509.95,639.61
1743,380.89,295.65,370.77,476.24
1744,339.99,304.69,361.02,354.25
1745,381.57,355.41,402.8,386.49
1746,284.22,262.27,298.48,291.91
1747,323.71,292.73,331.67,346.72
1748,350.15,252.65,395.73,402.08
1749,384.53,291.42,399.64,462.53
1750,324.74,307.02,328.81,338.39
1751,392.82,326.55,407.66,444.26
1752,336.66,300.31,345.47,364.19
1753,369.27,338.79,283.64,485.37
1754,333.8,316.78,338.16,346.46
1755,395.11,306.29,425.92,453.13
1756,301.05,304.98,294.45,303.73
1757,367.39,357.31,372.34,372.52
1758,311.23,275.53,349.33,308.84
1759,332.17,260.38,352.87,383.27
1760,296.97,266.06,314.66,310.18
1761,448.05,397.24,504,442.92
1762,330.63,297.11,399.39,295.4
1763,339.88,287.2,343.53,388.91
1764,292.85,288.8,288.7,301.05
1765,320.85,246.82,378.69,337.05
1766,525.81,353.66,622.85,600.91
1767,365.82,286.47,365.64,445.34
1768,429.36,344.33,443.06,500.69
1769,399.84,323.34,388.11,488.06
1770,398.22,310.23,418.67,465.76
1771,459.89,346.67,518.08,514.93
1772,326.3,296.82,351.48,330.6
1773,334.84,312.56,351.94,340.01
1774,345.15,285.88,320.35,429.21
1775,400.1,317.66,442.41,440.23
1776,474.52,327.43,494.68,601.45
1777,379.49,304.98,419.32,414.17
1778,272.47,221.02,304.75,291.64
1779,362.54,279.91,408.32,399.39
1780,376.79,363.14,354.14,413.09
1781,294.65,247.69,341.92,294.33
1782,391.23,285.3,478.8,409.6
1783,354.25,325.82,405.51,331.41
1784,307.22,256.29,346.33,319.05
1785,497.84,339.23,546.66,607.63
1786,424.46,382.23,438.28,452.86
1787,315.93,307.02,325.23,315.55
1788,364.54,307.31,376.99,409.33
1789,389.48,293.46,444.95,430.02
1790,378.88,340.54,406.91,389.18
1791,308.86,305.56,333.94,287.07
1792,403.56,329.03,404.07,477.58
1793,427.93,369.84,442.54,471.4
1794,328.12,246.24,399.46,338.66
1795,386.59,382.52,418.16,359.08
1796,388.62,399.14,366.51,400.2
1797,295.11,248.42,321.1,315.82
1798,345.8,399.14,345.29,292.98
1799,312.29,249.3,353.47,334.1
1800,415.35,367.22,443.16,435.66
1801,324.97,290.55,340.87,343.5
1802,271.5,248.13,288.71,277.67
1803,409.32,369.55,437.8,420.62
1804,430.29,364.16,452.61,474.09
1805,342.94,260.23,364.36,404.23
1806,372.8,301.77,366.2,450.44
1807,368.17,302.79,390.79,410.94
1808,386.33,315.04,379.55,464.41
1809,315.49,307.6,305.04,333.83
1810,376.75,322.03,402.1,406.11
1811,339.45,300.61,368.32,349.41
1812,361.5,333.4,397.94,353.17
1813,366.43,286.9,404.67,407.72
1814,338.05,337.63,333.84,342.69
1815,348.58,290.4,355.67,399.66
1816,304.44,251.34,309.35,352.64
1817,387.1,354.1,399.76,407.45
1818,286.04,256.44,297.41,304.27
1819,315.77,284.13,317.8,345.38
1820,402.11,280.93,452.38,473.01
1821,542.34,401.62,597.88,627.52
1822,351.74,328.45,339.74,387.03
1823,411.67,307.6,479.38,448.02
1824,327.42,292.01,356.95,333.29
1825,461.02,388.06,490.83,504.18
1826,292.02,236.62,292.44,346.99
1827,416.66,294.48,444.07,511.44
1828,346.57,274.37,378.31,387.03
1829,443.49,374.51,417.66,538.31
1830,327.44,271.75,364.39,346.19
1831,367.96,270.58,413.76,419.54
1832,407.43,332.96,422.76,466.56
1833,480.06,372.03,489.28,578.88
1834,376.41,332.82,370.16,426.26
1835,397.83,292.59,422.52,478.39
1836,425.19,396.95,452.35,426.26
1837,286.28,230.5,303.64,324.69
1838,432.06,338.21,399.5,558.46
1839,279.27,281.8,286.66,269.34
1840,399.7,338.65,404.11,456.35
1841,389.5,316.64,372.68,479.19
1842,398.17,295.36,400.08,499.08
1843,359.55,326.41,379.98,372.25
1844,324.4,285.01,348.17,340.01
1845,278.06,251.63,282.86,299.7
1846,423.86,387.19,426.16,458.23
1847,420.37,343.75,409.94,507.41
1848,313.66,297.11,366.48,277.4
1849,298.06,188.08,334.65,371.44
1850,359.24,321.6,373.92,382.19
1851,344.63,288.94,371.89,373.06
1852,379.06,295.65,409.09,432.44
1853,367.82,314.16,362.22,427.07
1854,465.17,395.2,485.92,514.39
1855,375.5,377.28,379.11,370.1
1856,297.63,246.09,314.85,331.95
1857,346.96,310.08,315.83,414.97
1858,431.23,334.13,446.5,513.05
1859,420.92,309.64,427.18,525.95
1860,371.66,356.58,387.49,370.91
1861,358.48,293.61,397.76,384.07
1862,548.51,370.86,556.86,717.8
1863,420.47,307.6,398.31,555.5
1864,364.64,257.17,400.55,436.2
1865,374.74,293.75,452.57,377.89
1866,450.36,376.69,434.46,539.92
1867,329.83,317.37,344.74,327.38
1868,415.69,358.18,433.07,455.82
1869,332.25,274.66,374.57,347.53
1870,378.04,357.31,395.16,381.66
1871,438.51,298.13,445.24,572.16
1872,333.13,304.4,349.06,345.92
1873,433.09,347.83,434.36,517.08
1874,387.84,311.54,371.97,480
1875,352.52,367.51,368.04,322
1876,339.17,284.43,404.63,328.45
1877,331.9,291.42,331.49,372.79
1878,345.29,287.34,359.08,389.45
1879,338.52,303.52,357.79,354.25
1880,366.08,248.86,376.37,473.01
1881,340.04,288.51,344.03,387.57
1882,391.05,307.46,371.44,494.24
1883,393.47,368.68,401.87,409.87
1884,457.59,366.93,442.8,563.03
1885,363.95,352.2,426.5,313.14
1886,480.23,345.65,477.73,617.3
1887,250.66,267.23,260.82,223.93
1888,466.71,385.15,495.2,519.77
1889,350.65,332.96,358.3,360.7
1890,275.14,221.46,306.14,297.82
1891,397.71,355.7,437.77,399.66
1892,399.65,286.18,432.77,480
1893,322.45,306.44,314.99,345.92
1894,308.81,232.24,348.55,345.65
1895,451,360.08,453.8,539.11
1896,312.04,321.01,332.87,282.24
1897,345.69,275.97,351.49,409.6
1898,330.81,300.17,361.39,330.87
1899,367.4,367.07,367.72,367.41
1900,463.46,343.75,507.8,538.84
1901,424.76,372.47,450.03,451.79
1902,339.56,237.2,357.1,424.38
1903,447.8,295.5,485.67,562.22
1904,275.29,277.87,263.35,284.65
1905,343.58,352.79,340.9,337.05
1906,380.06,315.04,411.23,413.9
1907,403.19,375.82,394.32,439.43
1908,415.72,305.71,465.47,475.97
1909,441.92,372.9,457.27,495.58
1910,333.37,318.1,311.36,370.64
1911,243.21,226.41,270.97,232.26
1912,462.72,345.79,475.58,566.79
1913,333.17,305.27,343.5,350.75
1914,282,230.93,303.55,311.52
1915,388.41,339.38,404.96,420.89
1916,354.08,302.79,328.36,431.1
1917,441.54,353.37,473.24,498
1918,325.63,319.26,342.33,315.29
1919,413.61,316.93,430.21,493.7
1920,393.22,299.29,416.48,463.88
1921,345.78,350.89,391.86,294.6
1922,479.66,377.28,495.44,566.25
1923,381.3,308.62,382.42,452.86
1924,387.27,370.42,403.81,387.57
1925,269.05,259.79,279.64,267.73
1926,281.66,233.12,272.67,339.2
1927,304.95,240.26,317.66,356.93
1928,473.74,359.06,478.98,583.18
1929,507.4,383.11,508.36,630.74
1930,378.63,315.18,424.8,395.9
1931,341.8,287.2,397.67,340.54
1932,300.6,290.4,300.69,310.72
1933,372.98,255.27,390.65,473.01
1934,444.41,311.25,520.74,501.23
1935,337.02,264.31,376.1,370.64
1936,370.12,323.78,393.92,392.67
1937,386.72,296.09,406.38,457.7
1938,362.72,344.77,368.71,374.67
1939,370.43,322.91,437.1,351.29
1940,330.98,304.69,340.18,348.07
1941,314.89,284.57,327.08,333.02
1942,374.33,294.63,436.22,392.13
1943,431.05,296.09,431.35,565.71
1944,368.21,312.12,386.95,405.57
1945,360.55,284.43,402.13,395.09
1946,432.35,422.75,445.36,428.95
1947,393.3,303.23,428.1,448.56
1948,368.66,338.36,396.45,371.18
1949,437.6,381.21,470.67,460.92
1950,287.2,290.69,318.76,252.14
1951,344.38,283.7,370.75,378.7
1952,379.99,305.71,395.11,439.16
1953,377.97,289.82,375.92,468.18
1954,330.25,269.85,383.3,337.59
1955,285.15,222.77,319.81,312.87
1956,350.21,350.89,298.46,401.27
1957,462.8,394.77,424.68,568.94
1958,444.95,372.61,449.46,512.78
1959,410.24,356.29,408.14,466.3
1960,360.67,318.24,382.12,381.66
1961,406.21,355.27,382.29,481.07
1962,378.35,353.08,396.29,385.69
1963,416.99,312.12,398.38,540.46
1964,345.14,313.14,417.19,305.08
1965,391.1,380.77,427.81,364.73
1966,376.07,271.31,377.43,479.46
1967,317.11,302.35,339.62,309.37
1968,345.2,303.96,354.82,376.82
1969,410.7,359.49,413.85,458.77
1970,350.93,263.29,324.28,465.22
1971,381.83,289.82,379.98,475.7
1972,392.02,360.22,400.07,415.78
1973,497.25,362.12,545.11,584.52
1974,353.16,335.73,341.82,381.92
1975,384.67,318.83,357.32,477.85
1976,417.3,356.87,440.02,455.01
1977,302.61,283.7,291.64,332.48
1978,393.55,358.91,385.55,436.2
1979,346.42,261.54,375.64,402.08
1980,344.87,264.17,337.2,433.25
1981,276.72,249.15,299.03,281.97
1982,422.42,388.94,383.26,495.05
1983,399.84,340.84,451.22,407.45
1984,452.62,305.56,518.28,534.01
1985,282.8,292.15,275.35,280.89
